,Country_Name,Country_Code,Year,GDP,HDI
5,United Arab Emirates,ARE,1980,166.0,68.0
6,Argentina,ARG,1980,112.0,75.0
10,Australia,AUS,1980,140.0,105.0
11,Austria,AUT,1980,149.0,89.0
13,Burundi,BDI,1980,1.0,3.0
14,Belgium,BEL,1980,148.0,92.0
15,Benin,BEN,1980,22.0,6.0
17,Bangladesh,BGD,1980,7.0,14.0
19,Bahrain,BHR,1980,132.0,72.5
22,Belize,BLZ,1980,73.0,65.0
24,Bolivia,BOL,1980,51.0,47.0
25,Brazil,BRA,1980,105.0,54.0
28,Botswana,BWA,1980,68.0,36.0
29,Central African Republic,CAF,1980,20.0,13.0
30,Canada,CAN,1980,150.0,103.0
31,Switzerland,CHE,1980,162.0,102.0
33,Chile,CHL,1980,95.0,69.0
34,China,CHN,1980,3.0,29.0
35,Cote d'Ivoire,CIV,1980,63.0,21.5
36,Cameroon,CMR,1980,49.0,26.0
37,"Congo, Rep.",COG,1980,62.0,42.0
38,Colombia,COL,1980,84.0,55.5
40,Costa Rica,CRI,1980,94.0,64.0
45,Germany,DEU,1980,146.0,87.0
48,Denmark,DNK,1980,157.0,97.0
49,Dominican Republic,DOM,1980,75.0,49.0
50,Algeria,DZA,1980,88.0,39.0
51,Ecuador,ECU,1980,85.0,61.0
53,Spain,ESP,1980,129.0,78.0
56,Finland,FIN,1980,145.0,93.0
57,Fiji,FJI,1980,93.0,59.0
58,France,FRA,1980,147.0,85.0
61,Gabon,GAB,1980,119.0,48.0
62,United Kingdom,GBR,1980,144.0,90.0
64,Ghana,GHA,1980,18.0,27.0
68,Greece,GRC,1980,130.0,84.0
71,Guatemala,GTM,1980,72.0,34.0
73,Guyana,GUY,1980,44.0,46.0
74,Honduras,HND,1980,55.0,38.0
78,Indonesia,IDN,1980,32.0,33.0
80,India,IND,1980,8.0,20.0
81,Ireland,IRL,1980,131.0,88.0
83,Iceland,ISL,1980,160.0,94.0
84,Israel,ISR,1980,126.0,95.0
85,Italy,ITA,1980,142.0,83.0
87,Jordan,JOR,1980,74.0,51.0
88,Japan,JPN,1980,141.0,96.0
90,Kenya,KEN,1980,30.0,32.0
98,Liberia,LBR,1980,42.0,19.0
102,Sri Lanka,LKA,1980,31.0,50.0
103,Lesotho,LSO,1980,19.0,31.0
105,Luxembourg,LUX,1980,158.0,86.0
108,Morocco,MAR,1980,53.0,24.0
113,Mexico,MEX,1980,115.0,62.0
116,Mali,MLI,1980,13.0,0.0
117,Malta,MLT,1980,118.0,80.5
123,Mauritania,MRT,1980,38.0,17.5
124,Mauritius,MUS,1980,71.0,53.0
125,Malawi,MWI,1980,4.0,8.0
126,Malaysia,MYS,1980,82.0,57.0
129,Niger,NER,1980,15.0,1.0
131,Nicaragua,NIC,1980,59.0,40.0
132,Netherlands,NLD,1980,155.0,99.0
133,Norway,NOR,1980,161.0,100.0
134,Nepal,NPL,1980,0.0,4.0
135,New Zealand,NZL,1980,135.0,101.0
137,Pakistan,PAK,1980,16.0,23.0
138,Panama,PAN,1980,96.0,67.0
139,Peru,PER,1980,89.0,60.0
140,Philippines,PHL,1980,52.0,55.5
142,Papua New Guinea,PNG,1980,40.0,15.0
145,Portugal,PRT,1980,123.0,71.0
146,Paraguay,PRY,1980,57.0,52.0
150,Rwanda,RWA,1980,6.0,10.0
151,Saudi Arabia,SAU,1980,143.0,72.5
152,Sudan,SDN,1980,24.0,7.0
153,Senegal,SEN,1980,37.0,16.0
156,Sierra Leone,SLE,1980,21.0,5.0
157,El Salvador,SLV,1980,78.0,43.0
166,Sweden,SWE,1980,156.0,98.0
172,Togo,TGO,1980,29.0,21.5
173,Thailand,THA,1980,43.0,44.0
178,Trinidad and Tobago,TTO,1980,120.0,76.0
179,Tunisia,TUN,1980,67.0,37.0
180,Turkey,TUR,1980,100.0,41.0
185,Uruguay,URY,1980,107.0,74.0
186,United States,USA,1980,154.0,104.0
194,South Africa,ZAF,1980,113.0,58.0
195,"Congo, Dem. Rep.",COD,1980,33.0,12.0
196,Zambia,ZMB,1980,39.0,28.0
197,Zimbabwe,ZWE,1980,34.0,25.0
202,Albania,ALB,1990,82.0,74.5
203,United Arab Emirates,ARE,1990,198.0,80.0
204,Argentina,ARG,1990,129.0,83.0
208,Australia,AUS,1990,176.0,122.0
209,Austria,AUT,1990,188.0,107.0
211,Burundi,BDI,1990,4.0,6.0
212,Belgium,BEL,1990,183.0,113.0
213,Benin,BEN,1990,30.0,13.0
215,Bangladesh,BGD,1990,15.0,16.5
216,Bulgaria,BGR,1990,109.0,84.5
217,Bahrain,BHR,1990,160.0,92.0
220,Belize,BLZ,1990,104.0,73.0
222,Bolivia,BOL,1990,55.0,51.0
223,Brazil,BRA,1990,131.0,61.0
226,Botswana,BWA,1990,126.0,59.5
227,Central African Republic,CAF,1990,19.0,12.0
228,Canada,CAN,1990,181.0,120.0
229,Switzerland,CHE,1990,199.0,117.0
231,Chile,CHL,1990,134.0,84.5
232,China,CHN,1990,31.0,39.0
233,Cote d'Ivoire,CIV,1990,68.0,19.0
234,Cameroon,CMR,1990,64.0,30.0
235,"Congo, Rep.",COG,1990,87.0,41.0
236,Colombia,COL,1990,107.0,59.5
238,Costa Rica,CRI,1990,122.0,74.5
239,Cuba,CUB,1990,125.0,78.0
241,Cyprus,CYP,1990,165.0,95.5
243,Germany,DEU,1990,184.0,109.0
246,Denmark,DNK,1990,195.0,112.0
247,Dominican Republic,DOM,1990,97.0,56.0
248,Algeria,DZA,1990,103.0,49.0
249,Ecuador,ECU,1990,105.0,69.0
251,Spain,ESP,1990,168.0,97.0
254,Finland,FIN,1990,186.0,108.0
255,Fiji,FJI,1990,111.0,66.0
256,France,FRA,1990,182.0,101.0
259,Gabon,GAB,1990,148.0,62.0
260,United Kingdom,GBR,1990,185.0,102.0
262,Ghana,GHA,1990,21.0,28.0
266,Greece,GRC,1990,163.0,100.0
269,Guatemala,GTM,1990,81.0,34.0
271,Guyana,GUY,1990,48.0,38.0
272,Honduras,HND,1990,70.0,42.0
276,Indonesia,IDN,1990,56.0,37.0
278,India,IND,1990,23.0,27.0
279,Ireland,IRL,1990,173.0,103.0
281,Iceland,ISL,1990,196.0,111.0
282,Israel,ISR,1990,157.0,110.0
283,Italy,ITA,1990,178.0,99.0
285,Jordan,JOR,1990,83.0,58.0
286,Japan,JPN,1990,191.0,115.0
288,Kenya,KEN,1990,37.0,33.0
300,Sri Lanka,LKA,1990,52.0,57.0
301,Lesotho,LSO,1990,34.0,35.0
303,Luxembourg,LUX,1990,200.0,106.0
306,Morocco,MAR,1990,73.0,31.5
311,Mexico,MEX,1990,145.0,71.5
314,Mali,MLI,1990,13.0,2.0
315,Malta,MLT,1990,151.0,98.0
318,Mongolia,MNG,1990,59.0,46.0
320,Mozambique,MOZ,1990,1.0,1.0
321,Mauritania,MRT,1990,44.0,18.0
322,Mauritius,MUS,1990,114.0,65.0
323,Malawi,MWI,1990,2.0,8.0
324,Malaysia,MYS,1990,121.0,68.0
325,Namibia,NAM,1990,108.0,52.0
327,Niger,NER,1990,11.0,0.0
329,Nicaragua,NIC,1990,62.0,36.0
330,Netherlands,NLD,1990,190.0,118.0
331,Norway,NOR,1990,197.0,119.0
332,Nepal,NPL,1990,5.0,15.0
333,New Zealand,NZL,1990,169.0,116.0
335,Pakistan,PAK,1990,35.0,26.0
336,Panama,PAN,1990,116.0,76.0
337,Peru,PER,1990,91.0,63.0
338,Philippines,PHL,1990,65.0,54.0
340,Papua New Guinea,PNG,1990,51.0,21.5
343,Portugal,PRT,1990,158.0,89.0
344,Paraguay,PRY,1990,75.0,55.0
347,Romania,ROU,1990,127.0,86.0
348,Rwanda,RWA,1990,6.0,3.0
349,Saudi Arabia,SAU,1990,155.0,81.5
350,Sudan,SDN,1990,29.0,9.5
351,Senegal,SEN,1990,47.0,20.0
354,Sierra Leone,SLE,1990,20.0,4.0
355,El Salvador,SLV,1990,90.0,43.0
364,Sweden,SWE,1990,192.0,114.0
365,Swaziland,SWZ,1990,94.0,44.0
370,Togo,TGO,1990,27.0,21.5
371,Thailand,THA,1990,76.0,53.0
375,Tonga,TON,1990,88.0,71.5
376,Trinidad and Tobago,TTO,1990,144.0,77.0
377,Tunisia,TUN,1990,95.0,47.0
378,Turkey,TUR,1990,139.0,50.0
380,Tanzania,TZA,1990,18.0,16.5
381,Uganda,UGA,1990,3.0,11.0
382,Ukraine,UKR,1990,106.0,88.0
383,Uruguay,URY,1990,130.0,79.0
384,United States,USA,1990,194.0,121.0
388,Vietnam,VNM,1990,12.0,31.5
392,South Africa,ZAF,1990,140.0,64.0
393,"Congo, Dem. Rep.",COD,1990,33.0,7.0
394,Zambia,ZMB,1990,41.0,24.0
395,Zimbabwe,ZWE,1990,46.0,29.0
399,Angola,AGO,2000,74.0,23.0
400,Albania,ALB,2000,93.0,92.5
401,United Arab Emirates,ARE,2000,216.0,111.0
402,Argentina,ARG,2000,147.0,108.0
403,Armenia,ARM,2000,60.0,76.0
406,Australia,AUS,2000,198.0,151.0
407,Austria,AUT,2000,209.0,134.5
409,Burundi,BDI,2000,1.0,3.5
410,Belgium,BEL,2000,206.0,145.0
411,Benin,BEN,2000,34.0,21.0
413,Bangladesh,BGD,2000,27.0,30.0
414,Bulgaria,BGR,2000,115.0,99.0
415,Bahrain,BHR,2000,179.0,115.0
418,Belize,BLZ,2000,127.0,84.0
420,Bolivia,BOL,2000,62.0,64.5
421,Brazil,BRA,2000,135.0,82.0
424,Botswana,BWA,2000,138.0,59.5
425,Central African Republic,CAF,2000,17.0,9.5
426,Canada,CAN,2000,202.0,147.0
427,Switzerland,CHE,2000,220.0,144.0
429,Chile,CHL,2000,154.0,108.0
430,China,CHN,2000,72.0,62.0
431,Cote d'Ivoire,CIV,2000,65.0,19.5
432,Cameroon,CMR,2000,58.0,33.0
433,"Congo, Rep.",COG,2000,86.0,41.0
434,Colombia,COL,2000,120.0,78.0
436,Costa Rica,CRI,2000,133.0,96.0
437,Cuba,CUB,2000,118.0,90.5
439,Cyprus,CYP,2000,183.0,123.0
440,Czech Republic,CZE,2000,168.0,127.0
441,Germany,DEU,2000,204.0,141.0
443,Dominica,DMA,2000,141.0,94.0
444,Denmark,DNK,2000,217.0,139.0
445,Dominican Republic,DOM,2000,122.0,75.0
446,Algeria,DZA,2000,108.0,69.0
447,Ecuador,ECU,2000,111.0,84.0
449,Spain,ESP,2000,187.0,134.5
450,Estonia,EST,2000,158.0,118.0
451,Ethiopia,ETH,2000,0.0,6.0
452,Finland,FIN,2000,207.0,133.0
453,Fiji,FJI,2000,123.0,84.0
454,France,FRA,2000,201.0,136.0
457,Gabon,GAB,2000,157.0,68.0
458,United Kingdom,GBR,2000,208.0,132.0
460,Ghana,GHA,2000,30.0,39.0
463,Equatorial Guinea,GNQ,2000,134.0,43.0
464,Greece,GRC,2000,180.0,125.0
467,Guatemala,GTM,2000,90.0,47.0
469,Guyana,GUY,2000,69.0,57.0
470,Honduras,HND,2000,77.0,53.0
471,Croatia,HRV,2000,161.0,106.0
472,Haiti,HTI,2000,35.0,29.0
473,Hungary,HUN,2000,164.0,117.0
474,Indonesia,IDN,2000,68.0,51.0
476,India,IND,2000,41.0,40.0
477,Ireland,IRL,2000,215.0,143.0
479,Iceland,ISL,2000,218.0,140.0
480,Israel,ISR,2000,182.0,138.0
481,Italy,ITA,2000,199.0,130.0
483,Jordan,JOR,2000,89.0,77.0
484,Japan,JPN,2000,205.0,142.0
485,Kazakhstan,KAZ,2000,103.0,80.5
486,Kenya,KEN,2000,32.0,37.0
487,Kyrgyz Republic,KGZ,2000,28.0,55.5
488,Cambodia,KHM,2000,16.0,36.0
492,Kuwait,KWT,2000,193.0,112.0
494,Liberia,LBR,2000,5.0,9.5
498,Sri Lanka,LKA,2000,66.0,72.0
499,Lesotho,LSO,2000,45.0,33.0
501,Luxembourg,LUX,2000,224.0,137.0
502,Latvia,LVA,2000,140.0,104.0
504,Morocco,MAR,2000,85.0,45.0
506,Moldova,MDA,2000,43.0,61.0
507,Madagascar,MDG,2000,13.0,33.0
509,Mexico,MEX,2000,160.0,100.5
512,Mali,MLI,2000,19.0,7.0
513,Malta,MLT,2000,173.0,122.0
516,Mongolia,MNG,2000,53.0,52.0
518,Mozambique,MOZ,2000,7.0,3.5
519,Mauritania,MRT,2000,46.0,28.0
520,Mauritius,MUS,2000,137.0,87.0
521,Malawi,MWI,2000,3.0,12.0
522,Malaysia,MYS,2000,143.0,98.0
523,Namibia,NAM,2000,119.0,55.5
525,Niger,NER,2000,8.0,1.0
527,Nicaragua,NIC,2000,70.0,50.0
528,Netherlands,NLD,2000,211.0,148.0
529,Norway,NOR,2000,221.0,152.0
530,Nepal,NPL,2000,15.0,24.0
531,New Zealand,NZL,2000,188.0,146.0
533,Pakistan,PAK,2000,44.0,35.0
534,Panama,PAN,2000,132.0,100.5
535,Peru,PER,2000,104.0,88.0
536,Philippines,PHL,2000,67.0,63.0
537,Palau,PLW,2000,162.0,116.0
538,Papua New Guinea,PNG,2000,56.0,31.0
539,Poland,POL,2000,155.0,114.0
541,Portugal,PRT,2000,178.0,119.0
542,Paraguay,PRY,2000,83.0,64.5
544,Qatar,QAT,2000,219.0,121.0
545,Romania,ROU,2000,125.0,97.0
546,Rwanda,RWA,2000,4.0,11.0
547,Saudi Arabia,SAU,2000,170.0,103.0
548,Sudan,SDN,2000,38.0,13.0
549,Senegal,SEN,2000,49.0,25.0
550,Singapore,SGP,2000,189.0,124.0
551,Solomon Islands,SLB,2000,61.0,42.0
552,Sierra Leone,SLE,2000,11.0,5.0
553,El Salvador,SLV,2000,112.0,67.0
556,Serbia,SRB,2000,110.0,102.0
560,Slovak Republic,SVK,2000,165.0,120.0
561,Slovenia,SVN,2000,175.0,126.0
562,Sweden,SWE,2000,210.0,149.0
563,Swaziland,SWZ,2000,96.0,44.0
565,Seychelles,SYC,2000,169.0,113.0
567,Chad,TCD,2000,22.0,8.0
568,Togo,TGO,2000,26.0,27.0
569,Thailand,THA,2000,97.0,70.0
570,Tajikistan,TJK,2000,6.0,48.0
572,Timor-Leste,TLS,2000,33.0,26.0
573,Tonga,TON,2000,105.0,90.5
574,Trinidad and Tobago,TTO,2000,163.0,95.0
575,Tunisia,TUN,2000,113.0,71.0
576,Turkey,TUR,2000,151.0,73.0
578,Tanzania,TZA,2000,21.0,15.0
579,Uganda,UGA,2000,10.0,17.5
580,Ukraine,UKR,2000,76.0,86.0
581,Uruguay,URY,2000,144.0,105.0
582,United States,USA,2000,213.0,150.0
586,Vietnam,VNM,2000,36.0,49.0
589,Samoa,WSM,2000,94.0,80.5
590,South Africa,ZAF,2000,142.0,66.0
591,"Congo, Dem. Rep.",COD,2000,2.0,0.0
592,Zambia,ZMB,2000,42.0,16.0
593,Zimbabwe,ZWE,2000,47.0,17.5
596,Afghanistan,AFG,2005,6.0,12.5
597,Angola,AGO,2005,75.0,36.0
598,Albania,ALB,2005,104.0,109.0
599,United Arab Emirates,ARE,2005,215.0,139.0
600,Argentina,ARG,2005,149.0,126.0
601,Armenia,ARM,2005,78.0,92.5
604,Australia,AUS,2005,201.0,172.0
605,Austria,AUT,2005,211.0,153.0
607,Burundi,BDI,2005,0.0,2.0
608,Belgium,BEL,2005,209.0,158.0
609,Benin,BEN,2005,35.0,23.0
610,Burkina Faso,BFA,2005,20.0,5.0
611,Bangladesh,BGD,2005,31.0,39.0
612,Bulgaria,BGR,2005,125.0,123.0
613,Bahrain,BHR,2005,179.0,137.0
614,Bosnia and Herzegovina,BIH,2005,105.0,108.0
615,Belarus,BLR,2005,112.0,110.5
616,Belize,BLZ,2005,127.0,92.5
618,Bolivia,BOL,2005,62.0,77.0
619,Brazil,BRA,2005,135.0,95.5
620,Barbados,BRB,2005,176.0,132.0
622,Botswana,BWA,2005,143.0,64.0
623,Central African Republic,CAF,2005,16.0,7.0
624,Canada,CAN,2005,208.0,165.0
625,Switzerland,CHE,2005,224.0,163.5
627,Chile,CHL,2005,156.0,129.0
628,China,CHN,2005,83.0,73.5
629,Cote d'Ivoire,CIV,2005,60.0,17.5
630,Cameroon,CMR,2005,59.0,38.0
631,"Congo, Rep.",COG,2005,82.0,50.0
632,Colombia,COL,2005,114.0,89.0
633,Comoros,COM,2005,37.0,29.0
634,Costa Rica,CRI,2005,133.0,110.5
635,Cuba,CUB,2005,126.0,112.5
637,Cyprus,CYP,2005,188.0,140.0
638,Czech Republic,CZE,2005,175.0,149.0
639,Germany,DEU,2005,202.0,167.0
640,Djibouti,DJI,2005,58.0,22.0
641,Dominica,DMA,2005,141.0,104.0
642,Denmark,DNK,2005,221.0,161.0
643,Dominican Republic,DOM,2005,118.0,81.0
644,Algeria,DZA,2005,111.0,84.5
645,Ecuador,ECU,2005,108.0,98.0
647,Spain,ESP,2005,191.0,152.0
648,Estonia,EST,2005,165.0,143.0
649,Ethiopia,ETH,2005,1.0,9.0
650,Finland,FIN,2005,212.0,160.0
651,Fiji,FJI,2005,120.0,91.0
652,France,FRA,2005,203.0,157.0
654,"Micronesia, Fed. Sts.",FSM,2005,96.0,73.5
655,Gabon,GAB,2005,151.0,76.0
656,United Kingdom,GBR,2005,213.0,150.0
657,Georgia,GEO,2005,73.0,103.0
658,Ghana,GHA,2005,33.0,44.5
659,Guinea,GIN,2005,10.0,11.0
660,Guinea-Bissau,GNB,2005,19.0,12.5
661,Equatorial Guinea,GNQ,2005,173.0,51.0
662,Greece,GRC,2005,185.0,151.0
665,Guatemala,GTM,2005,90.0,53.0
667,Guyana,GUY,2005,63.0,65.0
668,Honduras,HND,2005,71.0,62.0
669,Croatia,HRV,2005,164.0,130.0
670,Haiti,HTI,2005,27.0,30.5
671,Hungary,HUN,2005,168.0,138.0
672,Indonesia,IDN,2005,70.0,58.0
674,India,IND,2005,46.0,49.0
675,Ireland,IRL,2005,222.0,169.0
676,Iraq,IRQ,2005,86.0,54.5
677,Iceland,ISL,2005,225.0,166.0
678,Israel,ISR,2005,183.0,159.0
679,Italy,ITA,2005,200.0,154.0
680,Jamaica,JAM,2005,129.0,100.0
681,Jordan,JOR,2005,94.0,88.0
682,Japan,JPN,2005,206.0,162.0
683,Kazakhstan,KAZ,2005,124.0,107.0
684,Kenya,KEN,2005,34.0,41.0
685,Kyrgyz Republic,KGZ,2005,30.0,61.0
686,Cambodia,KHM,2005,28.0,46.0
690,Kuwait,KWT,2005,205.0,124.0
691,Lebanon,LBN,2005,144.0,105.0
692,Liberia,LBR,2005,2.0,4.0
693,Libya,LBY,2005,160.0,117.5
696,Sri Lanka,LKA,2005,68.0,83.0
697,Lesotho,LSO,2005,44.0,24.0
698,Lithuania,LTU,2005,157.0,136.0
699,Luxembourg,LUX,2005,229.0,155.0
700,Latvia,LVA,2005,155.0,131.0
702,Morocco,MAR,2005,88.0,54.5
704,Moldova,MDA,2005,53.0,72.0
705,Madagascar,MDG,2005,8.0,40.0
706,Maldives,MDV,2005,121.0,69.0
707,Mexico,MEX,2005,158.0,117.5
709,"Macedonia, FYR",MKD,2005,110.0,102.0
710,Mali,MLI,2005,21.0,10.0
711,Malta,MLT,2005,177.0,144.0
713,Montenegro,MNE,2005,122.0,125.0
714,Mongolia,MNG,2005,61.0,67.0
716,Mozambique,MOZ,2005,12.0,3.0
717,Mauritania,MRT,2005,41.0,32.5
718,Mauritius,MUS,2005,139.0,101.0
719,Malawi,MWI,2005,4.0,15.0
720,Malaysia,MYS,2005,147.0,115.0
721,Namibia,NAM,2005,116.0,60.0
723,Niger,NER,2005,5.0,1.0
724,Nigeria,NGA,2005,50.0,30.5
725,Nicaragua,NIC,2005,65.0,57.0
726,Netherlands,NLD,2005,216.0,163.5
727,Norway,NOR,2005,227.0,173.0
728,Nepal,NPL,2005,13.0,28.0
729,New Zealand,NZL,2005,193.0,170.0
730,Oman,OMN,2005,172.0,97.0
731,Pakistan,PAK,2005,45.0,42.0
732,Panama,PAN,2005,132.0,116.0
733,Peru,PER,2005,102.0,94.0
734,Philippines,PHL,2005,66.0,71.0
735,Palau,PLW,2005,163.0,133.0
736,Papua New Guinea,PNG,2005,49.0,34.0
737,Poland,POL,2005,159.0,135.0
739,Portugal,PRT,2005,181.0,134.0
740,Paraguay,PRY,2005,74.0,75.0
742,Qatar,QAT,2005,223.0,142.0
743,Romania,ROU,2005,131.0,121.5
744,Rwanda,RWA,2005,9.0,16.0
745,Saudi Arabia,SAU,2005,174.0,120.0
746,Sudan,SDN,2005,39.0,17.5
747,Senegal,SEN,2005,47.0,32.5
748,Singapore,SGP,2005,196.0,146.0
749,Solomon Islands,SLB,2005,56.0,48.0
750,Sierra Leone,SLE,2005,14.0,6.0
751,El Salvador,SLV,2005,107.0,78.0
754,Serbia,SRB,2005,115.0,119.0
756,Sao Tome and Principe,STP,2005,51.0,43.0
757,Suriname,SUR,2005,119.0,82.0
758,Slovak Republic,SVK,2005,169.0,141.0
759,Slovenia,SVN,2005,178.0,147.0
760,Sweden,SWE,2005,217.0,168.0
761,Swaziland,SWZ,2005,95.0,47.0
763,Seychelles,SYC,2005,167.0,127.5
765,Chad,TCD,2005,38.0,8.0
766,Togo,TGO,2005,18.0,25.0
767,Thailand,THA,2005,101.0,80.0
768,Tajikistan,TJK,2005,17.0,59.0
769,Turkmenistan,TKM,2005,81.0,79.0
770,Timor-Leste,TLS,2005,32.0,37.0
771,Tonga,TON,2005,98.0,99.0
772,Trinidad and Tobago,TTO,2005,171.0,114.0
773,Tunisia,TUN,2005,113.0,84.5
774,Turkey,TUR,2005,153.0,86.5
776,Tanzania,TZA,2005,26.0,26.0
777,Uganda,UGA,2005,15.0,21.0
778,Ukraine,UKR,2005,85.0,106.0
779,Uruguay,URY,2005,140.0,121.5
780,United States,USA,2005,219.0,171.0
781,Uzbekistan,UZB,2005,36.0,67.0
784,Vietnam,VNM,2005,43.0,56.0
787,Samoa,WSM,2005,99.0,90.0
788,South Africa,ZAF,2005,146.0,63.0
789,"Congo, Dem. Rep.",COD,2005,3.0,0.0
790,Zambia,ZMB,2005,40.0,20.0
791,Zimbabwe,ZWE,2005,25.0,14.0
794,Afghanistan,AFG,2006,7.0,14.0
795,Angola,AGO,2006,79.0,37.0
796,Albania,ALB,2006,104.0,109.0
797,United Arab Emirates,ARE,2006,208.0,142.0
798,Argentina,ARG,2006,148.0,128.0
799,Armenia,ARM,2006,80.0,98.0
802,Australia,AUS,2006,200.0,172.0
803,Austria,AUT,2006,209.0,154.5
805,Burundi,BDI,2006,0.0,2.0
806,Belgium,BEL,2006,207.0,158.5
807,Benin,BEN,2006,34.0,23.0
808,Burkina Faso,BFA,2006,20.0,5.0
809,Bangladesh,BGD,2006,31.0,39.0
810,Bulgaria,BGR,2006,124.0,121.0
811,Bahrain,BHR,2006,177.0,137.0
812,Bosnia and Herzegovina,BIH,2006,106.0,107.0
813,Belarus,BLR,2006,113.0,111.0
814,Belize,BLZ,2006,123.0,92.0
816,Bolivia,BOL,2006,64.0,77.0
817,Brazil,BRA,2006,130.0,93.5
818,Barbados,BRB,2006,175.0,131.5
820,Botswana,BWA,2006,142.0,64.0
821,Central African Republic,CAF,2006,15.0,8.0
822,Canada,CAN,2006,206.0,165.5
823,Switzerland,CHE,2006,221.0,163.0
825,Chile,CHL,2006,154.0,129.0
826,China,CHN,2006,83.0,75.0
827,Cote d'Ivoire,CIV,2006,59.0,16.0
828,Cameroon,CMR,2006,57.0,36.0
829,"Congo, Rep.",COG,2006,78.0,48.0
830,Colombia,COL,2006,114.0,90.0
831,Comoros,COM,2006,37.0,26.0
832,Costa Rica,CRI,2006,134.0,110.0
833,Cuba,CUB,2006,127.0,115.5
835,Cyprus,CYP,2006,187.0,139.0
836,Czech Republic,CZE,2006,174.0,149.5
837,Germany,DEU,2006,203.0,167.5
838,Djibouti,DJI,2006,60.0,21.0
839,Dominica,DMA,2006,141.0,105.0
840,Denmark,DNK,2006,219.0,161.0
841,Dominican Republic,DOM,2006,121.0,82.0
842,Algeria,DZA,2006,110.0,84.0
843,Ecuador,ECU,2006,109.0,96.5
845,Spain,ESP,2006,189.0,152.0
846,Estonia,EST,2006,164.0,144.0
847,Ethiopia,ETH,2006,2.0,10.0
848,Finland,FIN,2006,211.0,160.0
849,Fiji,FJI,2006,115.0,86.5
850,France,FRA,2006,201.0,156.5
852,"Micronesia, Fed. Sts.",FSM,2006,94.0,72.0
853,Gabon,GAB,2006,150.0,76.0
854,United Kingdom,GBR,2006,213.0,147.0
855,Georgia,GEO,2006,74.0,103.0
856,Ghana,GHA,2006,33.0,45.0
857,Guinea,GIN,2006,9.0,11.0
858,Guinea-Bissau,GNB,2006,19.0,12.0
859,Equatorial Guinea,GNQ,2006,168.0,51.0
860,Greece,GRC,2006,185.0,151.0
863,Guatemala,GTM,2006,89.0,52.5
865,Guyana,GUY,2006,61.0,65.0
866,Honduras,HND,2006,72.0,63.0
867,Croatia,HRV,2006,163.0,130.0
868,Haiti,HTI,2006,28.0,30.0
869,Hungary,HUN,2006,166.0,138.0
870,Indonesia,IDN,2006,69.0,58.0
872,India,IND,2006,46.0,49.5
873,Ireland,IRL,2006,220.0,170.5
874,Iraq,IRQ,2006,85.0,54.0
875,Iceland,ISL,2006,223.0,164.0
876,Israel,ISR,2006,182.0,158.5
877,Italy,ITA,2006,198.0,154.5
879,Jordan,JOR,2006,96.0,86.5
880,Japan,JPN,2006,205.0,162.0
881,Kazakhstan,KAZ,2006,125.0,108.0
882,Kenya,KEN,2006,35.0,41.0
883,Kyrgyz Republic,KGZ,2006,29.0,60.0
884,Cambodia,KHM,2006,32.0,47.0
888,Kuwait,KWT,2006,204.0,122.5
889,Lebanon,LBN,2006,138.0,104.0
890,Liberia,LBR,2006,1.0,4.0
891,Libya,LBY,2006,157.0,117.5
894,Sri Lanka,LKA,2006,70.0,83.0
895,Lesotho,LSO,2006,41.0,25.0
896,Lithuania,LTU,2006,158.0,136.0
897,Luxembourg,LUX,2006,227.0,153.0
898,Latvia,LVA,2006,159.0,134.0
900,Morocco,MAR,2006,87.0,55.0
902,Moldova,MDA,2006,52.0,73.0
903,Madagascar,MDG,2006,8.0,40.0
904,Maldives,MDV,2006,128.0,71.0
905,Mexico,MEX,2006,155.0,117.5
907,"Macedonia, FYR",MKD,2006,111.0,100.0
908,Mali,MLI,2006,23.0,9.0
909,Malta,MLT,2006,176.0,143.0
911,Montenegro,MNE,2006,122.0,125.0
912,Mongolia,MNG,2006,62.0,68.0
914,Mozambique,MOZ,2006,12.0,3.0
915,Mauritania,MRT,2006,48.0,32.0
916,Mauritius,MUS,2006,136.0,101.0
917,Malawi,MWI,2006,3.0,15.0
918,Malaysia,MYS,2006,144.0,114.0
919,Namibia,NAM,2006,118.0,61.0
921,Niger,NER,2006,6.0,1.0
922,Nigeria,NGA,2006,51.0,34.0
923,Nicaragua,NIC,2006,65.0,57.0
924,Netherlands,NLD,2006,214.0,165.5
925,Norway,NOR,2006,225.0,173.0
926,Nepal,NPL,2006,13.0,29.0
927,New Zealand,NZL,2006,191.0,169.0
928,Oman,OMN,2006,170.0,93.5
929,Pakistan,PAK,2006,43.0,42.0
930,Panama,PAN,2006,133.0,115.5
931,Peru,PER,2006,103.0,95.0
932,Philippines,PHL,2006,66.0,69.5
933,Palau,PLW,2006,161.0,131.5
934,Papua New Guinea,PNG,2006,47.0,32.0
935,Poland,POL,2006,156.0,135.0
937,Portugal,PRT,2006,178.0,133.0
938,Paraguay,PRY,2006,73.0,74.0
940,Qatar,QAT,2006,222.0,140.0
941,Romania,ROU,2006,135.0,124.0
942,Rwanda,RWA,2006,10.0,17.5
943,Saudi Arabia,SAU,2006,172.0,120.0
944,Sudan,SDN,2006,39.0,17.5
945,Senegal,SEN,2006,45.0,32.0
946,Singapore,SGP,2006,196.0,146.0
947,Solomon Islands,SLB,2006,58.0,49.5
948,Sierra Leone,SLE,2006,14.0,7.0
949,El Salvador,SLV,2006,105.0,78.0
952,Serbia,SRB,2006,116.0,119.0
954,Sao Tome and Principe,STP,2006,53.0,43.0
955,Suriname,SUR,2006,117.0,81.0
956,Slovak Republic,SVK,2006,169.0,141.0
957,Slovenia,SVN,2006,179.0,149.5
958,Sweden,SWE,2006,216.0,167.5
959,Swaziland,SWZ,2006,95.0,46.0
961,Seychelles,SYC,2006,167.0,127.0
963,Chad,TCD,2006,38.0,6.0
964,Togo,TGO,2006,18.0,24.0
965,Thailand,THA,2006,101.0,79.5
966,Tajikistan,TJK,2006,17.0,59.0
967,Turkmenistan,TKM,2006,81.0,79.5
968,Timor-Leste,TLS,2006,27.0,38.0
969,Tonga,TON,2006,97.0,96.5
970,Trinidad and Tobago,TTO,2006,173.0,113.0
971,Tunisia,TUN,2006,112.0,85.0
972,Turkey,TUR,2006,152.0,88.0
974,Tanzania,TZA,2006,26.0,27.0
975,Uganda,UGA,2006,16.0,22.0
976,Ukraine,UKR,2006,84.0,106.0
977,Uruguay,URY,2006,139.0,122.5
978,United States,USA,2006,217.0,170.5
979,Uzbekistan,UZB,2006,36.0,66.0
982,Vietnam,VNM,2006,42.0,56.0
985,Samoa,WSM,2006,99.0,89.0
986,South Africa,ZAF,2006,143.0,62.0
987,"Congo, Dem. Rep.",COD,2006,4.0,0.0
988,Zambia,ZMB,2006,40.0,20.0
989,Zimbabwe,ZWE,2006,21.0,13.0
992,Afghanistan,AFG,2007,8.0,14.0
993,Angola,AGO,2007,86.0,37.0
994,Albania,ALB,2007,106.0,109.0
995,United Arab Emirates,ARE,2007,200.0,143.0
996,Argentina,ARG,2007,148.0,128.0
997,Armenia,ARM,2007,84.0,100.0
1000,Australia,AUS,2007,201.0,172.0
1001,Austria,AUT,2007,210.0,154.5
1003,Burundi,BDI,2007,0.0,2.0
1004,Belgium,BEL,2007,208.0,157.0
1005,Benin,BEN,2007,33.0,21.0
1006,Burkina Faso,BFA,2007,22.0,4.5
1007,Bangladesh,BGD,2007,32.0,39.0
1008,Bulgaria,BGR,2007,125.0,121.0
1009,Bahrain,BHR,2007,177.0,137.0
1010,Bosnia and Herzegovina,BIH,2007,108.0,106.5
1011,Belarus,BLR,2007,115.0,111.0
1012,Belize,BLZ,2007,117.0,91.0
1014,Bolivia,BOL,2007,61.0,75.0
1015,Brazil,BRA,2007,131.0,95.0
1016,Barbados,BRB,2007,175.0,130.5
1018,Botswana,BWA,2007,145.0,64.0
1019,Central African Republic,CAF,2007,15.0,8.0
1020,Canada,CAN,2007,205.0,166.0
1021,Switzerland,CHE,2007,222.0,162.0
1023,Chile,CHL,2007,155.0,129.0
1024,China,CHN,2007,88.0,76.5
1025,Cote d'Ivoire,CIV,2007,55.0,16.0
1026,Cameroon,CMR,2007,54.0,35.5
1027,"Congo, Rep.",COG,2007,75.0,48.0
1028,Colombia,COL,2007,114.0,90.0
1029,Comoros,COM,2007,36.0,25.0
1030,Costa Rica,CRI,2007,133.0,110.0
1031,Cuba,CUB,2007,127.0,122.0
1033,Cyprus,CYP,2007,187.0,139.0
1034,Czech Republic,CZE,2007,174.0,149.0
1035,Germany,DEU,2007,207.0,167.0
1036,Djibouti,DJI,2007,60.0,22.0
1037,Dominica,DMA,2007,141.0,102.0
1038,Denmark,DNK,2007,219.0,161.0
1039,Dominican Republic,DOM,2007,122.0,82.0
1040,Algeria,DZA,2007,107.0,84.0
1041,Ecuador,ECU,2007,105.0,96.0
1043,Spain,ESP,2007,189.0,150.0
1044,Estonia,EST,2007,166.0,144.0
1045,Ethiopia,ETH,2007,2.0,9.5
1046,Finland,FIN,2007,213.0,158.5
1047,Fiji,FJI,2007,113.0,85.5
1048,France,FRA,2007,202.0,156.0
1050,"Micronesia, Fed. Sts.",FSM,2007,89.0,71.0
1051,Gabon,GAB,2007,149.0,76.5
1052,United Kingdom,GBR,2007,211.0,147.0
1053,Georgia,GEO,2007,76.0,105.0
1054,Ghana,GHA,2007,31.0,46.5
1055,Guinea,GIN,2007,9.0,9.5
1056,Guinea-Bissau,GNB,2007,20.0,12.0
1057,Equatorial Guinea,GNQ,2007,169.0,51.0
1058,Greece,GRC,2007,186.0,148.0
1061,Guatemala,GTM,2007,87.0,54.5
1063,Guyana,GUY,2007,62.0,65.5
1064,Honduras,HND,2007,72.0,63.0
1065,Croatia,HRV,2007,163.0,130.5
1066,Haiti,HTI,2007,25.0,32.0
1067,Hungary,HUN,2007,164.0,138.0
1068,Indonesia,IDN,2007,69.0,59.0
1070,India,IND,2007,50.0,50.0
1071,Ireland,IRL,2007,220.0,171.0
1072,Iraq,IRQ,2007,78.0,52.0
1073,Iceland,ISL,2007,223.0,164.5
1074,Israel,ISR,2007,183.0,160.0
1075,Italy,ITA,2007,196.0,153.0
1077,Jordan,JOR,2007,98.0,88.0
1078,Japan,JPN,2007,206.0,163.0
1079,Kazakhstan,KAZ,2007,126.0,108.0
1080,Kenya,KEN,2007,35.0,40.0
1081,Kyrgyz Republic,KGZ,2007,29.0,61.0
1082,Cambodia,KHM,2007,34.0,46.5
1086,Kuwait,KWT,2007,203.0,120.0
1087,Lebanon,LBN,2007,140.0,104.0
1088,Liberia,LBR,2007,1.0,6.5
1089,Libya,LBY,2007,156.0,118.0
1092,Sri Lanka,LKA,2007,70.0,83.0
1093,Lesotho,LSO,2007,40.0,26.0
1094,Lithuania,LTU,2007,161.0,136.0
1095,Luxembourg,LUX,2007,227.0,151.5
1096,Latvia,LVA,2007,160.0,134.5
1098,Morocco,MAR,2007,83.0,54.5
1100,Moldova,MDA,2007,53.0,72.0
1101,Madagascar,MDG,2007,7.0,38.0
1102,Maldives,MDV,2007,129.0,73.0
1103,Mexico,MEX,2007,154.0,118.0
1105,"Macedonia, FYR",MKD,2007,111.0,98.0
1106,Mali,MLI,2007,23.0,11.0
1107,Malta,MLT,2007,176.0,142.0
1109,Montenegro,MNE,2007,124.0,124.5
1110,Mongolia,MNG,2007,64.0,70.0
1112,Mozambique,MOZ,2007,13.0,3.0
1113,Mauritania,MRT,2007,46.0,31.0
1114,Mauritius,MUS,2007,137.0,99.0
1115,Malawi,MWI,2007,4.0,15.0
1116,Malaysia,MYS,2007,144.0,113.0
1117,Namibia,NAM,2007,119.0,62.0
1119,Niger,NER,2007,6.0,1.0
1120,Nigeria,NGA,2007,51.0,30.0
1121,Nicaragua,NIC,2007,65.0,57.0
1122,Netherlands,NLD,2007,214.0,168.0
1123,Norway,NOR,2007,225.0,173.0
1124,Nepal,NPL,2007,12.0,27.0
1125,New Zealand,NZL,2007,190.0,169.0
1126,Oman,OMN,2007,168.0,93.0
1127,Pakistan,PAK,2007,39.0,42.0
1128,Panama,PAN,2007,134.0,114.5
1129,Peru,PER,2007,104.0,97.0
1130,Philippines,PHL,2007,67.0,69.0
1131,Palau,PLW,2007,158.0,132.0
1132,Papua New Guinea,PNG,2007,48.0,34.0
1133,Poland,POL,2007,157.0,134.5
1135,Portugal,PRT,2007,178.0,133.0
1136,Paraguay,PRY,2007,73.0,74.0
1138,Qatar,QAT,2007,221.0,140.5
1139,Romania,ROU,2007,135.0,124.5
1140,Rwanda,RWA,2007,10.0,19.0
1141,Saudi Arabia,SAU,2007,171.0,118.0
1142,Sudan,SDN,2007,42.0,17.0
1143,Senegal,SEN,2007,44.0,33.0
1144,Singapore,SGP,2007,197.0,146.0
1145,Solomon Islands,SLB,2007,59.0,49.0
1146,Sierra Leone,SLE,2007,14.0,6.5
1147,El Salvador,SLV,2007,103.0,79.5
1150,Serbia,SRB,2007,118.0,116.0
1152,Sao Tome and Principe,STP,2007,52.0,43.0
1153,Suriname,SUR,2007,116.0,79.5
1154,Slovak Republic,SVK,2007,170.0,140.5
1155,Slovenia,SVN,2007,180.0,151.5
1156,Sweden,SWE,2007,217.0,164.5
1157,Swaziland,SWZ,2007,94.0,45.0
1159,Seychelles,SYC,2007,167.0,127.0
1161,Chad,TCD,2007,38.0,4.5
1162,Togo,TGO,2007,18.0,24.0
1163,Thailand,THA,2007,101.0,81.0
1164,Tajikistan,TJK,2007,17.0,58.0
1165,Turkmenistan,TKM,2007,82.0,78.0
1166,Timor-Leste,TLS,2007,28.0,41.0
1167,Tonga,TON,2007,91.0,94.0
1168,Trinidad and Tobago,TTO,2007,172.0,114.5
1169,Tunisia,TUN,2007,112.0,85.5
1170,Turkey,TUR,2007,152.0,89.0
1172,Tanzania,TZA,2007,27.0,29.0
1173,Uganda,UGA,2007,16.0,23.0
1174,Ukraine,UKR,2007,85.0,106.5
1175,Uruguay,URY,2007,139.0,123.0
1176,United States,USA,2007,216.0,170.0
1177,Uzbekistan,UZB,2007,37.0,65.5
1180,Vietnam,VNM,2007,43.0,56.0
1183,Samoa,WSM,2007,99.0,87.0
1184,South Africa,ZAF,2007,142.0,60.0
1185,"Congo, Dem. Rep.",COD,2007,3.0,0.0
1186,Zambia,ZMB,2007,41.0,20.0
1187,Zimbabwe,ZWE,2007,19.0,13.0
1190,Afghanistan,AFG,2008,7.0,14.0
1191,Angola,AGO,2008,88.0,37.0
1192,Albania,ALB,2008,108.0,109.0
1193,United Arab Emirates,ARE,2008,193.0,145.0
1194,Argentina,ARG,2008,148.0,129.0
1195,Armenia,ARM,2008,84.0,99.0
1198,Australia,AUS,2008,202.0,172.0
1199,Austria,AUT,2008,210.0,154.0
1201,Burundi,BDI,2008,0.0,2.0
1202,Belgium,BEL,2008,208.0,156.5
1203,Benin,BEN,2008,28.0,21.0
1204,Burkina Faso,BFA,2008,23.0,5.0
1205,Bangladesh,BGD,2008,31.0,39.0
1206,Bulgaria,BGR,2008,125.0,121.0
1207,Bahrain,BHR,2008,176.0,136.5
1208,Bosnia and Herzegovina,BIH,2008,107.0,107.5
1209,Belarus,BLR,2008,117.0,111.0
1210,Belize,BLZ,2008,114.0,90.0
1212,Bolivia,BOL,2008,64.0,75.0
1213,Brazil,BRA,2008,130.0,95.0
1214,Barbados,BRB,2008,173.0,130.0
1216,Botswana,BWA,2008,144.0,65.5
1217,Central African Republic,CAF,2008,14.0,7.0
1218,Canada,CAN,2008,206.0,167.0
1219,Switzerland,CHE,2008,220.0,162.0
1221,Chile,CHL,2008,154.0,132.0
1222,China,CHN,2008,89.0,77.0
1223,Cote d'Ivoire,CIV,2008,53.0,16.0
1224,Cameroon,CMR,2008,52.0,35.0
1225,"Congo, Rep.",COG,2008,74.0,49.0
1226,Colombia,COL,2008,113.0,91.0
1227,Comoros,COM,2008,36.0,24.0
1228,Costa Rica,CRI,2008,132.0,110.0
1229,Cuba,CUB,2008,126.0,122.0
1231,Cyprus,CYP,2008,187.0,140.0
1232,Czech Republic,CZE,2008,174.0,149.0
1233,Germany,DEU,2008,207.0,166.0
1234,Djibouti,DJI,2008,60.0,22.0
1235,Dominica,DMA,2008,142.0,100.5
1236,Denmark,DNK,2008,217.0,161.0
1237,Dominican Republic,DOM,2008,121.0,83.0
1238,Algeria,DZA,2008,103.0,85.0
1239,Ecuador,ECU,2008,104.0,97.0
1241,Spain,ESP,2008,188.0,151.5
1242,Estonia,EST,2008,164.0,143.0
1243,Ethiopia,ETH,2008,2.0,13.0
1244,Finland,FIN,2008,211.0,158.0
1245,Fiji,FJI,2008,111.0,84.0
1246,France,FRA,2008,201.0,155.0
1248,"Micronesia, Fed. Sts.",FSM,2008,85.0,70.0
1249,Gabon,GAB,2008,145.0,76.0
1250,United Kingdom,GBR,2008,209.0,147.0
1251,Georgia,GEO,2008,75.0,100.5
1252,Ghana,GHA,2008,32.0,48.0
1253,Guinea,GIN,2008,9.0,10.0
1254,Guinea-Bissau,GNB,2008,20.0,11.5
1255,Equatorial Guinea,GNQ,2008,168.0,51.0
1256,Greece,GRC,2008,185.0,148.0
1259,Guatemala,GTM,2008,83.0,54.0
1261,Guyana,GUY,2008,62.0,64.0
1262,Honduras,HND,2008,72.0,63.0
1263,Croatia,HRV,2008,162.0,131.0
1264,Haiti,HTI,2008,24.0,29.0
1265,Hungary,HUN,2008,163.0,138.0
1266,Indonesia,IDN,2008,69.0,59.0
1268,India,IND,2008,49.0,50.0
1269,Ireland,IRL,2008,218.0,171.0
1270,Iraq,IRQ,2008,77.0,53.0
1271,Iceland,ISL,2008,221.0,163.0
1272,Israel,ISR,2008,184.0,156.5
1273,Italy,ITA,2008,197.0,151.5
1275,Jordan,JOR,2008,96.0,89.0
1276,Japan,JPN,2008,205.0,164.0
1277,Kazakhstan,KAZ,2008,123.0,105.5
1278,Kenya,KEN,2008,29.0,40.0
1279,Kyrgyz Republic,KGZ,2008,30.0,61.0
1280,Cambodia,KHM,2008,35.0,46.0
1284,Kuwait,KWT,2008,200.0,115.0
1285,Lebanon,LBN,2008,143.0,104.0
1286,Liberia,LBR,2008,1.0,8.0
1287,Libya,LBY,2008,156.0,117.0
1290,Sri Lanka,LKA,2008,70.0,82.0
1291,Lesotho,LSO,2008,43.0,26.0
1292,Lithuania,LTU,2008,160.0,136.5
1293,Luxembourg,LUX,2008,224.0,150.0
1294,Latvia,LVA,2008,157.0,134.0
1296,Morocco,MAR,2008,81.0,55.0
1298,Moldova,MDA,2008,57.0,72.0
1299,Madagascar,MDG,2008,8.0,38.0
1300,Maldives,MDV,2008,128.0,73.0
1301,Mexico,MEX,2008,153.0,120.0
1303,"Macedonia, FYR",MKD,2008,110.0,103.0
1304,Mali,MLI,2008,22.0,11.5
1305,Malta,MLT,2008,175.0,141.0
1307,Montenegro,MNE,2008,124.0,124.5
1308,Mongolia,MNG,2008,65.0,71.0
1310,Mozambique,MOZ,2008,13.0,3.0
1311,Mauritania,MRT,2008,40.0,30.5
1312,Mauritius,MUS,2008,135.0,98.0
1313,Malawi,MWI,2008,5.0,15.0
1314,Malaysia,MYS,2008,141.0,113.0
1315,Namibia,NAM,2008,115.0,62.0
1317,Niger,NER,2008,6.0,1.0
1318,Nigeria,NGA,2008,51.0,30.5
1319,Nicaragua,NIC,2008,66.0,57.0
1320,Netherlands,NLD,2008,214.0,168.5
1321,Norway,NOR,2008,222.0,173.0
1322,Nepal,NPL,2008,15.0,27.0
1323,New Zealand,NZL,2008,189.0,168.5
1324,Oman,OMN,2008,167.0,94.0
1325,Pakistan,PAK,2008,39.0,41.0
1326,Panama,PAN,2008,136.0,116.0
1327,Peru,PER,2008,105.0,96.0
1328,Philippines,PHL,2008,67.0,69.0
1329,Palau,PLW,2008,155.0,128.0
1330,Papua New Guinea,PNG,2008,50.0,34.0
1331,Poland,POL,2008,158.0,135.0
1333,Portugal,PRT,2008,177.0,133.0
1334,Paraguay,PRY,2008,73.0,74.0
1336,Qatar,QAT,2008,219.0,139.0
1337,Romania,ROU,2008,138.0,127.0
1338,Rwanda,RWA,2008,12.0,19.0
1339,Saudi Arabia,SAU,2008,171.0,118.5
1340,Sudan,SDN,2008,44.0,17.0
1341,Senegal,SEN,2008,41.0,33.0
1342,Singapore,SGP,2008,195.0,146.0
1343,Solomon Islands,SLB,2008,59.0,47.0
1344,Sierra Leone,SLE,2008,16.0,6.0
1345,El Salvador,SLV,2008,102.0,78.0
1348,Serbia,SRB,2008,118.0,118.5
1350,Sao Tome and Principe,STP,2008,54.0,42.0
1351,Suriname,SUR,2008,116.0,80.5
1352,Slovak Republic,SVK,2008,170.0,142.0
1353,Slovenia,SVN,2008,180.0,153.0
1354,Sweden,SWE,2008,215.0,165.0
1355,Swaziland,SWZ,2008,91.0,45.0
1357,Seychelles,SYC,2008,166.0,126.0
1359,Chad,TCD,2008,37.0,4.0
1360,Togo,TGO,2008,18.0,23.0
1361,Thailand,THA,2008,100.0,80.5
1362,Tajikistan,TJK,2008,19.0,58.0
1363,Turkmenistan,TKM,2008,86.0,79.0
1364,Timor-Leste,TLS,2008,34.0,43.0
1365,Tonga,TON,2008,90.0,93.0
1366,Trinidad and Tobago,TTO,2008,172.0,114.0
1367,Tunisia,TUN,2008,112.0,86.5
1368,Turkey,TUR,2008,151.0,88.0
1370,Tanzania,TZA,2008,26.0,32.0
1371,Uganda,UGA,2008,17.0,25.0
1372,Ukraine,UKR,2008,82.0,105.5
1373,Uruguay,URY,2008,140.0,123.0
1374,United States,USA,2008,213.0,170.0
1375,Uzbekistan,UZB,2008,38.0,65.5
1378,Vietnam,VNM,2008,46.0,56.0
1381,Samoa,WSM,2008,98.0,86.5
1382,South Africa,ZAF,2008,137.0,60.0
1383,"Congo, Dem. Rep.",COD,2008,4.0,0.0
1384,Zambia,ZMB,2008,42.0,20.0
1385,Zimbabwe,ZWE,2008,10.0,9.0
1388,Afghanistan,AFG,2009,10.0,14.5
1389,Angola,AGO,2009,86.0,37.0
1390,Albania,ALB,2009,108.0,109.0
1391,United Arab Emirates,ARE,2009,188.0,145.0
1392,Argentina,ARG,2009,148.0,129.0
1393,Armenia,ARM,2009,77.0,96.0
1396,Australia,AUS,2009,207.0,172.0
1397,Austria,AUT,2009,211.0,155.0
1399,Burundi,BDI,2009,0.0,2.0
1400,Belgium,BEL,2009,208.0,157.0
1401,Benin,BEN,2009,28.0,21.0
1402,Burkina Faso,BFA,2009,21.0,6.0
1403,Bangladesh,BGD,2009,33.0,40.0
1404,Bulgaria,BGR,2009,125.0,121.0
1405,Bahrain,BHR,2009,176.0,135.5
1406,Bosnia and Herzegovina,BIH,2009,106.0,105.0
1407,Belarus,BLR,2009,120.0,111.0
1408,Belize,BLZ,2009,114.0,90.0
1410,Bolivia,BOL,2009,63.0,75.0
1411,Brazil,BRA,2009,130.0,95.0
1412,Barbados,BRB,2009,173.0,130.0
1414,Botswana,BWA,2009,136.0,65.0
1415,Central African Republic,CAF,2009,11.0,8.0
1416,Canada,CAN,2009,206.0,167.0
1417,Switzerland,CHE,2009,219.0,165.0
1419,Chile,CHL,2009,156.0,132.5
1420,China,CHN,2009,95.0,79.5
1421,Cote d'Ivoire,CIV,2009,54.0,16.0
1422,Cameroon,CMR,2009,51.0,36.0
1423,"Congo, Rep.",COG,2009,75.0,48.0
1424,Colombia,COL,2009,113.0,92.0
1425,Comoros,COM,2009,34.0,24.0
1426,Costa Rica,CRI,2009,131.0,110.0
1427,Cuba,CUB,2009,128.0,125.0
1429,Cyprus,CYP,2009,187.0,144.0
1430,Czech Republic,CZE,2009,172.0,149.0
1431,Germany,DEU,2009,205.0,166.0
1432,Djibouti,DJI,2009,60.0,22.0
1433,Dominica,DMA,2009,143.0,100.5
1434,Denmark,DNK,2009,217.0,161.0
1435,Dominican Republic,DOM,2009,122.0,82.5
1436,Algeria,DZA,2009,103.0,87.0
1437,Ecuador,ECU,2009,104.0,98.0
1439,Spain,ESP,2009,189.0,152.0
1440,Estonia,EST,2009,161.0,141.0
1441,Ethiopia,ETH,2009,2.0,13.0
1442,Finland,FIN,2009,209.0,154.0
1443,Fiji,FJI,2009,109.0,84.5
1444,France,FRA,2009,202.0,156.0
1446,"Micronesia, Fed. Sts.",FSM,2009,85.0,68.0
1447,Gabon,GAB,2009,144.0,76.0
1448,United Kingdom,GBR,2009,210.0,147.0
1449,Georgia,GEO,2009,74.0,102.5
1450,Ghana,GHA,2009,31.0,49.0
1451,Guinea,GIN,2009,8.0,9.0
1452,Guinea-Bissau,GNB,2009,20.0,10.0
1453,Equatorial Guinea,GNQ,2009,168.0,50.0
1454,Greece,GRC,2009,185.0,149.0
1457,Guatemala,GTM,2009,82.0,54.0
1459,Guyana,GUY,2009,62.0,64.0
1460,Honduras,HND,2009,71.0,63.0
1461,Croatia,HRV,2009,163.0,131.0
1462,Haiti,HTI,2009,24.0,29.0
1463,Hungary,HUN,2009,164.0,138.0
1464,Indonesia,IDN,2009,69.0,59.0
1466,India,IND,2009,52.0,51.0
1467,Ireland,IRL,2009,216.0,168.5
1468,Iraq,IRQ,2009,79.0,53.0
1469,Iceland,ISL,2009,220.0,163.0
1470,Israel,ISR,2009,184.0,158.0
1471,Italy,ITA,2009,194.0,151.0
1473,Jordan,JOR,2009,98.0,89.0
1474,Japan,JPN,2009,201.0,162.0
1475,Kazakhstan,KAZ,2009,124.0,107.5
1476,Kenya,KEN,2009,29.0,41.5
1477,Kyrgyz Republic,KGZ,2009,30.0,61.0
1478,Cambodia,KHM,2009,32.0,45.0
1482,Kuwait,KWT,2009,195.0,115.0
1483,Lebanon,LBN,2009,149.0,107.5
1484,Liberia,LBR,2009,1.0,4.0
1485,Libya,LBY,2009,158.0,119.5
1488,Sri Lanka,LKA,2009,70.0,82.5
1489,Lesotho,LSO,2009,43.0,26.0
1490,Lithuania,LTU,2009,157.0,134.0
1491,Luxembourg,LUX,2009,223.0,149.0
1492,Latvia,LVA,2009,155.0,132.5
1494,Morocco,MAR,2009,83.0,55.0
1496,Moldova,MDA,2009,50.0,70.5
1497,Madagascar,MDG,2009,7.0,38.0
1498,Maldives,MDV,2009,126.0,73.0
1499,Mexico,MEX,2009,153.0,118.0
1501,"Macedonia, FYR",MKD,2009,111.0,104.0
1502,Mali,MLI,2009,22.0,12.0
1503,Malta,MLT,2009,175.0,140.0
1505,Montenegro,MNE,2009,123.0,123.0
1506,Mongolia,MNG,2009,64.0,72.0
1508,Mozambique,MOZ,2009,13.0,3.0
1509,Mauritania,MRT,2009,39.0,27.0
1510,Mauritius,MUS,2009,141.0,100.5
1511,Malawi,MWI,2009,5.0,14.5
1512,Malaysia,MYS,2009,140.0,113.0
1513,Namibia,NAM,2009,115.0,62.0
1515,Niger,NER,2009,6.0,1.0
1516,Nigeria,NGA,2009,55.0,29.0
1517,Nicaragua,NIC,2009,65.0,56.0
1518,Netherlands,NLD,2009,215.0,168.5
1519,Norway,NOR,2009,221.0,173.0
1520,Nepal,NPL,2009,16.0,29.0
1521,New Zealand,NZL,2009,190.0,170.5
1522,Oman,OMN,2009,170.0,93.5
1523,Pakistan,PAK,2009,40.0,41.5
1524,Panama,PAN,2009,139.0,116.0
1525,Peru,PER,2009,107.0,97.0
1526,Philippines,PHL,2009,66.0,69.0
1527,Palau,PLW,2009,154.0,127.0
1528,Papua New Guinea,PNG,2009,49.0,34.0
1529,Poland,POL,2009,160.0,137.0
1531,Portugal,PRT,2009,177.0,135.5
1532,Paraguay,PRY,2009,72.0,74.0
1534,Qatar,QAT,2009,218.0,139.0
1535,Romania,ROU,2009,135.0,128.0
1536,Rwanda,RWA,2009,15.0,19.5
1537,Saudi Arabia,SAU,2009,174.0,119.5
1538,Sudan,SDN,2009,42.0,17.0
1539,Senegal,SEN,2009,41.0,32.0
1540,Singapore,SGP,2009,197.0,146.0
1541,Solomon Islands,SLB,2009,53.0,44.0
1542,Sierra Leone,SLE,2009,14.0,7.0
1543,El Salvador,SLV,2009,100.0,77.0
1546,Serbia,SRB,2009,117.0,117.0
1548,Sao Tome and Principe,STP,2009,57.0,43.0
1549,Suriname,SUR,2009,118.0,79.5
1550,Slovak Republic,SVK,2009,169.0,142.0
1551,Slovenia,SVN,2009,178.0,153.0
1552,Sweden,SWE,2009,213.0,164.0
1553,Swaziland,SWZ,2009,88.0,47.0
1555,Seychelles,SYC,2009,166.0,122.0
1557,Chad,TCD,2009,37.0,5.0
1558,Togo,TGO,2009,17.0,23.0
1559,Thailand,THA,2009,99.0,78.0
1560,Tajikistan,TJK,2009,19.0,58.0
1561,Turkmenistan,TKM,2009,89.0,81.0
1562,Timor-Leste,TLS,2009,36.0,39.0
1563,Tonga,TON,2009,90.0,91.0
1564,Trinidad and Tobago,TTO,2009,171.0,114.0
1565,Tunisia,TUN,2009,112.0,88.0
1566,Turkey,TUR,2009,150.0,86.0
1568,Tanzania,TZA,2009,26.0,33.0
1569,Uganda,UGA,2009,18.0,25.0
1570,Ukraine,UKR,2009,76.0,99.0
1571,Uruguay,URY,2009,146.0,126.0
1572,United States,USA,2009,214.0,170.5
1573,Uzbekistan,UZB,2009,38.0,67.0
1576,Vietnam,VNM,2009,46.0,57.0
1579,Samoa,WSM,2009,96.0,84.5
1580,South Africa,ZAF,2009,137.0,60.0
1581,"Congo, Dem. Rep.",COD,2009,4.0,0.0
1582,Zambia,ZMB,2009,45.0,19.5
1583,Zimbabwe,ZWE,2009,9.0,11.0
1585,Andorra,AND,2011,196.0,154.5
1586,Afghanistan,AFG,2011,11.0,15.0
1587,Angola,AGO,2011,82.0,39.0
1588,Albania,ALB,2011,112.0,116.5
1589,United Arab Emirates,ARE,2011,186.0,157.0
1590,Argentina,ARG,2011,151.0,142.0
1591,Armenia,ARM,2011,77.0,100.0
1593,Antigua and Barbuda,ATG,2011,164.0,127.0
1594,Australia,AUS,2011,202.0,185.0
1595,Austria,AUT,2011,208.0,168.0
1596,Azerbaijan,AZE,2011,98.0,111.0
1597,Burundi,BDI,2011,0.0,2.0
1598,Belgium,BEL,2011,204.0,169.0
1599,Benin,BEN,2011,28.0,20.0
1600,Burkina Faso,BFA,2011,24.0,6.0
1601,Bangladesh,BGD,2011,33.0,41.0
1602,Bulgaria,BGR,2011,124.0,133.0
1603,Bahrain,BHR,2011,175.0,145.0
1604,Bosnia and Herzegovina,BIH,2011,104.0,112.5
1605,Belarus,BLR,2011,125.0,122.0
1606,Belize,BLZ,2011,113.0,94.5
1608,Bolivia,BOL,2011,62.0,79.0
1609,Brazil,BRA,2011,133.0,102.0
1610,Barbados,BRB,2011,171.0,140.0
1611,Bhutan,BTN,2011,73.0,46.5
1612,Botswana,BWA,2011,141.0,69.5
1613,Central African Republic,CAF,2011,9.0,8.0
1614,Canada,CAN,2011,203.0,181.0
1615,Switzerland,CHE,2011,217.0,176.0
1617,Chile,CHL,2011,157.0,143.5
1618,China,CHN,2011,101.0,86.0
1619,Cote d'Ivoire,CIV,2011,45.0,16.5
1620,Cameroon,CMR,2011,48.0,37.0
1621,"Congo, Rep.",COG,2011,74.0,50.0
1622,Colombia,COL,2011,116.0,99.0
1623,Comoros,COM,2011,30.0,24.0
1624,Costa Rica,CRI,2011,132.0,118.0
1625,Cuba,CUB,2011,128.0,136.0
1627,Cyprus,CYP,2011,185.0,156.0
1628,Czech Republic,CZE,2011,172.0,160.0
1629,Germany,DEU,2011,205.0,178.5
1630,Djibouti,DJI,2011,61.0,22.5
1631,Dominica,DMA,2011,140.0,105.0
1632,Denmark,DNK,2011,215.0,171.0
1633,Dominican Republic,DOM,2011,122.0,89.0
1634,Algeria,DZA,2011,102.0,92.0
1635,Ecuador,ECU,2011,107.0,103.0
1636,Eritrea,ERI,2011,2.0,10.0
1637,Spain,ESP,2011,188.0,164.0
1638,Estonia,EST,2011,163.0,153.0
1639,Ethiopia,ETH,2011,4.0,13.0
1640,Finland,FIN,2011,207.0,165.0
1641,Fiji,FJI,2011,108.0,87.5
1642,France,FRA,2011,198.0,166.5
1644,"Micronesia, Fed. Sts.",FSM,2011,85.0,71.0
1645,Gabon,GAB,2011,146.0,81.5
1646,United Kingdom,GBR,2011,206.0,159.0
1647,Georgia,GEO,2011,75.0,112.5
1648,Ghana,GHA,2011,34.0,52.0
1649,Guinea,GIN,2011,8.0,9.0
1650,Guinea-Bissau,GNB,2011,21.0,11.0
1651,Equatorial Guinea,GNQ,2011,167.0,51.0
1652,Greece,GRC,2011,180.0,158.0
1653,Grenada,GRD,2011,142.0,120.0
1655,Guatemala,GTM,2011,80.0,56.0
1657,Guyana,GUY,2011,63.0,69.5
1658,Honduras,HND,2011,69.0,66.5
1659,Croatia,HRV,2011,162.0,141.0
1660,Haiti,HTI,2011,23.0,29.0
1661,Hungary,HUN,2011,165.0,149.0
1662,Indonesia,IDN,2011,70.0,62.5
1664,India,IND,2011,57.0,53.0
1665,Ireland,IRL,2011,214.0,181.0
1666,Iraq,IRQ,2011,81.0,55.0
1667,Iceland,ISL,2011,216.0,173.5
1668,Israel,ISR,2011,184.0,170.0
1669,Italy,ITA,2011,193.0,163.0
1671,Jordan,JOR,2011,95.0,92.0
1672,Japan,JPN,2011,201.0,175.0
1673,Kazakhstan,KAZ,2011,127.0,119.0
1674,Kenya,KEN,2011,31.0,43.5
1675,Kyrgyz Republic,KGZ,2011,29.0,61.0
1676,Cambodia,KHM,2011,32.0,48.0
1677,Kiribati,KIR,2011,58.0,65.0
1678,St. Kitts and Nevis,KNA,2011,161.0,114.5
1680,Kuwait,KWT,2011,190.0,124.0
1681,Lebanon,LBN,2011,148.0,116.5
1682,Liberia,LBR,2011,1.0,5.0
1683,Libya,LBY,2011,105.0,124.0
1684,St. Lucia,LCA,2011,136.0,104.0
1686,Sri Lanka,LKA,2011,71.0,90.0
1687,Lesotho,LSO,2011,46.0,27.0
1688,Lithuania,LTU,2011,158.0,147.0
1689,Luxembourg,LUX,2011,221.0,162.0
1690,Latvia,LVA,2011,155.0,143.5
1692,Morocco,MAR,2011,83.0,57.0
1694,Moldova,MDA,2011,56.0,76.0
1695,Madagascar,MDG,2011,7.0,36.0
1696,Maldives,MDV,2011,130.0,78.0
1697,Mexico,MEX,2011,153.0,130.5
1699,"Macedonia, FYR",MKD,2011,110.0,108.5
1700,Mali,MLI,2011,22.0,12.0
1701,Malta,MLT,2011,176.0,151.0
1703,Montenegro,MNE,2011,123.0,133.0
1704,Mongolia,MNG,2011,67.0,77.0
1706,Mozambique,MOZ,2011,14.0,3.0
1707,Mauritania,MRT,2011,41.0,28.0
1708,Mauritius,MUS,2011,143.0,108.5
1709,Malawi,MWI,2011,6.0,16.5
1710,Malaysia,MYS,2011,144.0,126.0
1711,Namibia,NAM,2011,117.0,66.5
1713,Niger,NER,2011,5.0,1.0
1714,Nigeria,NGA,2011,54.0,31.5
1715,Nicaragua,NIC,2011,64.0,58.0
1716,Netherlands,NLD,2011,210.0,183.5
1717,Norway,NOR,2011,219.0,186.0
1718,Nepal,NPL,2011,13.0,30.0
1719,New Zealand,NZL,2011,189.0,181.0
1720,Oman,OMN,2011,168.0,97.0
1721,Pakistan,PAK,2011,39.0,42.0
1722,Panama,PAN,2011,147.0,129.0
1723,Peru,PER,2011,109.0,106.0
1724,Philippines,PHL,2011,66.0,74.5
1725,Palau,PLW,2011,156.0,138.0
1726,Papua New Guinea,PNG,2011,55.0,34.5
1727,Poland,POL,2011,160.0,148.0
1729,Portugal,PRT,2011,177.0,146.0
1730,Paraguay,PRY,2011,72.0,80.0
1732,Qatar,QAT,2011,218.0,150.0
1733,Romania,ROU,2011,134.0,137.0
1734,Rwanda,RWA,2011,15.0,21.0
1735,Saudi Arabia,SAU,2011,174.0,130.5
1736,Sudan,SDN,2011,44.0,18.0
1737,Senegal,SEN,2011,40.0,31.5
1738,Singapore,SGP,2011,200.0,161.0
1739,Solomon Islands,SLB,2011,59.0,45.0
1740,Sierra Leone,SLE,2011,12.0,7.0
1741,El Salvador,SLV,2011,99.0,81.5
1744,Serbia,SRB,2011,115.0,128.0
1746,Sao Tome and Principe,STP,2011,53.0,43.5
1747,Suriname,SUR,2011,120.0,83.0
1748,Slovak Republic,SVK,2011,173.0,152.0
1749,Slovenia,SVN,2011,178.0,166.5
1750,Sweden,SWE,2011,212.0,177.0
1751,Swaziland,SWZ,2011,86.0,46.5
1753,Seychelles,SYC,2011,170.0,135.0
1755,Chad,TCD,2011,36.0,4.0
1756,Togo,TGO,2011,16.0,25.0
1757,Thailand,THA,2011,100.0,84.0
1758,Tajikistan,TJK,2011,20.0,60.0
1759,Turkmenistan,TKM,2011,97.0,85.0
1760,Timor-Leste,TLS,2011,38.0,40.0
1761,Tonga,TON,2011,88.0,96.0
1762,Trinidad and Tobago,TTO,2011,169.0,124.0
1763,Tunisia,TUN,2011,111.0,92.0
1764,Turkey,TUR,2011,154.0,94.5
1766,Tanzania,TZA,2011,27.0,34.5
1767,Uganda,UGA,2011,18.0,26.0
1768,Ukraine,UKR,2011,76.0,110.0
1769,Uruguay,URY,2011,149.0,139.0
1770,United States,USA,2011,211.0,183.5
1771,Uzbekistan,UZB,2011,43.0,72.5
1772,St. Vincent and the Grenadines,VCT,2011,129.0,101.0
1774,Vietnam,VNM,2011,49.0,59.0
1775,Vanuatu,VUT,2011,78.0,62.5
1776,West Bank and Gaza,PSE,2011,65.0,72.5
1777,Samoa,WSM,2011,94.0,87.5
1778,South Africa,ZAF,2011,138.0,64.0
1779,"Congo, Dem. Rep.",COD,2011,3.0,0.0
1780,Zambia,ZMB,2011,47.0,22.5
1781,Zimbabwe,ZWE,2011,17.0,14.0
